alg;map;heuristic;diagonal;solution;time;maxNodes;pathLength;
FitnessWithCirclicValidation;MutateEM;CrossoverPBX;SelectionRouletteWheel;1000;Genetic Algorithm;0;Manhattan;Never;No;7374;684;-1;
FitnessWithCirclicValidation;MutateEM;CrossoverPBX;SelectionRouletteWheel;1000;Genetic Algorithm;0;Manhattan;Never;No;4659;542;-1;
FitnessWithCirclicValidation;MutateEM;CrossoverPBX;SelectionRouletteWheel;1000;Genetic Algorithm;0;Manhattan;Never;No;4426;418;-1;
FitnessWithCirclicValidation;MutateEM;CrossoverPBX;SelectionRouletteWheel;1000;Genetic Algorithm;0;Manhattan;Never;No;4522;506;-1;
FitnessWithCollisionDetectionAndCirclicValidation;MutateEM;CrossoverPBX;SelectionRouletteWheel;1000;Genetic Algorithm;0;Manhattan;Never;No;26479;3355;-1;
FitnessWithCollisionDetectionAndCirclicValidation;MutateEM;CrossoverPBX;SelectionRouletteWheel;1000;Genetic Algorithm;0;Manhattan;Never;No;26711;1867;-1;
FitnessWithCollisionDetectionAndCirclicValidation;MutateEM;CrossoverPBX;SelectionRouletteWheel;1000;Genetic Algorithm;0;Manhattan;Never;No;17408;1713;-1;
FitnessWithCollisionDetectionAndCirclicValidation;MutateEM;CrossoverPBX;SelectionRouletteWheel;1000;Genetic Algorithm;0;Manhattan;Never;No;52288;3346;-1;
FitnessWithCirclicValidation;MutateEM;CrossoverPBX;SelectionRouletteWheel;1000;Genetic Algorithm;0;Euclidean;Never;No;4604;484;-1;
FitnessWithCirclicValidation;MutateEM;CrossoverPBX;SelectionRouletteWheel;1000;Genetic Algorithm;0;Euclidean;Never;No;5086;532;-1;
FitnessWithCirclicValidation;MutateEM;CrossoverPBX;SelectionRouletteWheel;1000;Genetic Algorithm;0;Euclidean;Never;No;8705;688;-1;
FitnessWithCirclicValidation;MutateEM;CrossoverPBX;SelectionRouletteWheel;1000;Genetic Algorithm;0;Euclidean;Never;No;4428;481;-1;
FitnessWithCollisionDetectionAndCirclicValidation;MutateEM;CrossoverPBX;SelectionRouletteWheel;805;Genetic Algorithm;0;Euclidean;Never;Yes (14215ms );14215;2205;15;
FitnessWithCollisionDetectionAndCirclicValidation;MutateEM;CrossoverPBX;SelectionRouletteWheel;1000;Genetic Algorithm;0;Euclidean;Never;No;32704;2592;-1;
FitnessWithCollisionDetectionAndCirclicValidation;MutateEM;CrossoverPBX;SelectionRouletteWheel;1000;Genetic Algorithm;0;Euclidean;Never;No;19100;1745;-1;
FitnessWithCollisionDetectionAndCirclicValidation;MutateEM;CrossoverPBX;SelectionRouletteWheel;1000;Genetic Algorithm;0;Euclidean;Never;No;21723;2329;-1;
FitnessWithCirclicValidation;MutateEM;CrossoverPBX;SelectionRouletteWheel;1000;Genetic Algorithm;0;Octile;Never;No;4591;515;-1;
FitnessWithCirclicValidation;MutateEM;CrossoverPBX;SelectionRouletteWheel;1000;Genetic Algorithm;0;Octile;Never;No;8391;721;-1;
FitnessWithCirclicValidation;MutateEM;CrossoverPBX;SelectionRouletteWheel;1000;Genetic Algorithm;0;Octile;Never;No;4256;490;-1;
FitnessWithCirclicValidation;MutateEM;CrossoverPBX;SelectionRouletteWheel;1000;Genetic Algorithm;0;Octile;Never;No;4610;426;-1;
FitnessWithCollisionDetectionAndCirclicValidation;MutateEM;CrossoverPBX;SelectionRouletteWheel;1000;Genetic Algorithm;0;Octile;Never;No;11554;739;-1;
FitnessWithCollisionDetectionAndCirclicValidation;MutateEM;CrossoverPBX;SelectionRouletteWheel;1000;Genetic Algorithm;0;Octile;Never;No;15178;1683;-1;
FitnessWithCollisionDetectionAndCirclicValidation;MutateEM;CrossoverPBX;SelectionRouletteWheel;850;Genetic Algorithm;0;Octile;Never;Yes (17316ms );17316;1703;15;
FitnessWithCollisionDetectionAndCirclicValidation;MutateEM;CrossoverPBX;SelectionRouletteWheel;1000;Genetic Algorithm;0;Octile;Never;No;14496;1491;-1;
FitnessWithCirclicValidation;MutateEM;CrossoverPBX;SelectionRouletteWheel;1000;Genetic Algorithm;1;Manhattan;Never;No;9821;986;-1;
FitnessWithCirclicValidation;MutateEM;CrossoverPBX;SelectionRouletteWheel;1000;Genetic Algorithm;1;Manhattan;Never;No;12111;877;-1;
FitnessWithCirclicValidation;MutateEM;CrossoverPBX;SelectionRouletteWheel;1000;Genetic Algorithm;1;Manhattan;Never;No;9163;650;-1;
FitnessWithCirclicValidation;MutateEM;CrossoverPBX;SelectionRouletteWheel;1000;Genetic Algorithm;1;Manhattan;Never;No;9174;823;-1;
FitnessWithCollisionDetectionAndCirclicValidation;MutateEM;CrossoverPBX;SelectionRouletteWheel;585;Genetic Algorithm;1;Manhattan;Never;Yes (14185ms );14185;1992;23;
FitnessWithCollisionDetectionAndCirclicValidation;MutateEM;CrossoverPBX;SelectionRouletteWheel;760;Genetic Algorithm;1;Manhattan;Never;Yes (13117ms );13117;1194;13;
FitnessWithCollisionDetectionAndCirclicValidation;MutateEM;CrossoverPBX;SelectionRouletteWheel;304;Genetic Algorithm;1;Manhattan;Never;Yes (6709ms );6709;1361;20;
FitnessWithCollisionDetectionAndCirclicValidation;MutateEM;CrossoverPBX;SelectionRouletteWheel;145;Genetic Algorithm;1;Manhattan;Never;Yes (1933ms );1933;737;8;
FitnessWithCirclicValidation;MutateEM;CrossoverPBX;SelectionRouletteWheel;1000;Genetic Algorithm;1;Euclidean;Never;No;9572;895;-1;
FitnessWithCirclicValidation;MutateEM;CrossoverPBX;SelectionRouletteWheel;1000;Genetic Algorithm;1;Euclidean;Never;No;8717;734;-1;
FitnessWithCirclicValidation;MutateEM;CrossoverPBX;SelectionRouletteWheel;1000;Genetic Algorithm;1;Euclidean;Never;No;11760;1068;-1;
FitnessWithCirclicValidation;MutateEM;CrossoverPBX;SelectionRouletteWheel;1000;Genetic Algorithm;1;Euclidean;Never;No;12931;900;-1;
FitnessWithCollisionDetectionAndCirclicValidation;MutateEM;CrossoverPBX;SelectionRouletteWheel;289;Genetic Algorithm;1;Euclidean;Never;Yes (6637ms );6637;1776;20;
FitnessWithCollisionDetectionAndCirclicValidation;MutateEM;CrossoverPBX;SelectionRouletteWheel;173;Genetic Algorithm;1;Euclidean;Never;Yes (3670ms );3670;1532;11;
FitnessWithCollisionDetectionAndCirclicValidation;MutateEM;CrossoverPBX;SelectionRouletteWheel;293;Genetic Algorithm;1;Euclidean;Never;Yes (7364ms );7364;1770;22;
FitnessWithCollisionDetectionAndCirclicValidation;MutateEM;CrossoverPBX;SelectionRouletteWheel;103;Genetic Algorithm;1;Euclidean;Never;Yes (1581ms );1581;1006;13;
FitnessWithCirclicValidation;MutateEM;CrossoverPBX;SelectionRouletteWheel;1000;Genetic Algorithm;1;Octile;Never;No;9285;723;-1;
FitnessWithCirclicValidation;MutateEM;CrossoverPBX;SelectionRouletteWheel;566;Genetic Algorithm;1;Octile;Never;Yes (5484ms );5484;995;7;
FitnessWithCirclicValidation;MutateEM;CrossoverPBX;SelectionRouletteWheel;532;Genetic Algorithm;1;Octile;Never;Yes (6326ms );6326;892;13;
FitnessWithCirclicValidation;MutateEM;CrossoverPBX;SelectionRouletteWheel;1000;Genetic Algorithm;1;Octile;Never;No;10632;787;-1;
FitnessWithCollisionDetectionAndCirclicValidation;MutateEM;CrossoverPBX;SelectionRouletteWheel;243;Genetic Algorithm;1;Octile;Never;Yes (4510ms );4510;1413;11;
FitnessWithCollisionDetectionAndCirclicValidation;MutateEM;CrossoverPBX;SelectionRouletteWheel;402;Genetic Algorithm;1;Octile;Never;Yes (5108ms );5108;897;13;
FitnessWithCollisionDetectionAndCirclicValidation;MutateEM;CrossoverPBX;SelectionRouletteWheel;192;Genetic Algorithm;1;Octile;Never;Yes (4560ms );4560;1767;20;
FitnessWithCollisionDetectionAndCirclicValidation;MutateEM;CrossoverPBX;SelectionRouletteWheel;102;Genetic Algorithm;1;Octile;Never;Yes (1947ms );1947;1416;16;
FitnessWithCirclicValidation;MutateEM;CrossoverPBX;SelectionRouletteWheel;1000;Genetic Algorithm;2;Manhattan;Never;No;11718;822;-1;
FitnessWithCirclicValidation;MutateEM;CrossoverPBX;SelectionRouletteWheel;1000;Genetic Algorithm;2;Manhattan;Never;No;14781;1106;-1;
FitnessWithCirclicValidation;MutateEM;CrossoverPBX;SelectionRouletteWheel;1000;Genetic Algorithm;2;Manhattan;Never;No;11072;804;-1;
FitnessWithCirclicValidation;MutateEM;CrossoverPBX;SelectionRouletteWheel;1000;Genetic Algorithm;2;Manhattan;Never;No;11765;1009;-1;
FitnessWithCollisionDetectionAndCirclicValidation;MutateEM;CrossoverPBX;SelectionRouletteWheel;511;Genetic Algorithm;2;Manhattan;Never;Yes (13553ms );13553;1878;22;
FitnessWithCollisionDetectionAndCirclicValidation;MutateEM;CrossoverPBX;SelectionRouletteWheel;384;Genetic Algorithm;2;Manhattan;Never;Yes (10231ms );10231;2001;20;
FitnessWithCollisionDetectionAndCirclicValidation;MutateEM;CrossoverPBX;SelectionRouletteWheel;323;Genetic Algorithm;2;Manhattan;Never;Yes (5342ms );5342;1027;13;
FitnessWithCollisionDetectionAndCirclicValidation;MutateEM;CrossoverPBX;SelectionRouletteWheel;441;Genetic Algorithm;2;Manhattan;Never;Yes (9804ms );9804;1764;20;
FitnessWithCirclicValidation;MutateEM;CrossoverPBX;SelectionRouletteWheel;1000;Genetic Algorithm;2;Euclidean;Never;No;12631;906;-1;
FitnessWithCirclicValidation;MutateEM;CrossoverPBX;SelectionRouletteWheel;1000;Genetic Algorithm;2;Euclidean;Never;No;12074;1024;-1;
FitnessWithCirclicValidation;MutateEM;CrossoverPBX;SelectionRouletteWheel;1000;Genetic Algorithm;2;Euclidean;Never;No;14872;1058;-1;
FitnessWithCirclicValidation;MutateEM;CrossoverPBX;SelectionRouletteWheel;1000;Genetic Algorithm;2;Euclidean;Never;No;12346;888;-1;
FitnessWithCollisionDetectionAndCirclicValidation;MutateEM;CrossoverPBX;SelectionRouletteWheel;488;Genetic Algorithm;2;Euclidean;Never;Yes (8676ms );8676;1034;11;
FitnessWithCollisionDetectionAndCirclicValidation;MutateEM;CrossoverPBX;SelectionRouletteWheel;551;Genetic Algorithm;2;Euclidean;Never;Yes (13114ms );13114;1386;10;
FitnessWithCollisionDetectionAndCirclicValidation;MutateEM;CrossoverPBX;SelectionRouletteWheel;307;Genetic Algorithm;2;Euclidean;Never;Yes (7640ms );7640;1943;20;
FitnessWithCollisionDetectionAndCirclicValidation;MutateEM;CrossoverPBX;SelectionRouletteWheel;638;Genetic Algorithm;2;Euclidean;Never;Yes (19458ms );19458;2136;24;
FitnessWithCirclicValidation;MutateEM;CrossoverPBX;SelectionRouletteWheel;1000;Genetic Algorithm;2;Octile;Never;No;12167;905;-1;
FitnessWithCirclicValidation;MutateEM;CrossoverPBX;SelectionRouletteWheel;1000;Genetic Algorithm;2;Octile;Never;No;11334;849;-1;
FitnessWithCirclicValidation;MutateEM;CrossoverPBX;SelectionRouletteWheel;1000;Genetic Algorithm;2;Octile;Never;No;16862;1148;-1;
FitnessWithCirclicValidation;MutateEM;CrossoverPBX;SelectionRouletteWheel;608;Genetic Algorithm;2;Octile;Never;Yes (7537ms );7537;772;12;
FitnessWithCollisionDetectionAndCirclicValidation;MutateEM;CrossoverPBX;SelectionRouletteWheel;1000;Genetic Algorithm;2;Octile;Never;No;24360;1371;-1;
FitnessWithCollisionDetectionAndCirclicValidation;MutateEM;CrossoverPBX;SelectionRouletteWheel;459;Genetic Algorithm;2;Octile;Never;Yes (9349ms );9349;1695;20;
FitnessWithCollisionDetectionAndCirclicValidation;MutateEM;CrossoverPBX;SelectionRouletteWheel;310;Genetic Algorithm;2;Octile;Never;Yes (6319ms );6319;1390;15;
FitnessWithCollisionDetectionAndCirclicValidation;MutateEM;CrossoverPBX;SelectionRouletteWheel;319;Genetic Algorithm;2;Octile;Never;Yes (6193ms );6193;1189;13;
FitnessWithCirclicValidation;MutateEM;CrossoverPBX;SelectionRouletteWheel;1000;Genetic Algorithm;3;Manhattan;OnlyWhenNoObstacles;No;16090;813;-1;
FitnessWithCirclicValidation;MutateEM;CrossoverPBX;SelectionRouletteWheel;1000;Genetic Algorithm;3;Manhattan;OnlyWhenNoObstacles;No;14789;800;-1;
FitnessWithCirclicValidation;MutateEM;CrossoverPBX;SelectionRouletteWheel;1000;Genetic Algorithm;3;Manhattan;OnlyWhenNoObstacles;No;14831;855;-1;
FitnessWithCirclicValidation;MutateEM;CrossoverPBX;SelectionRouletteWheel;1000;Genetic Algorithm;3;Manhattan;OnlyWhenNoObstacles;No;16005;831;-1;
FitnessWithCollisionDetectionAndCirclicValidation;MutateEM;CrossoverPBX;SelectionRouletteWheel;525;Genetic Algorithm;3;Manhattan;OnlyWhenNoObstacles;Yes (9839ms );9839;800;7,24264068711928;
FitnessWithCollisionDetectionAndCirclicValidation;MutateEM;CrossoverPBX;SelectionRouletteWheel;299;Genetic Algorithm;3;Manhattan;OnlyWhenNoObstacles;Yes (7584ms );7584;1311;11,4142135623731;
FitnessWithCollisionDetectionAndCirclicValidation;MutateEM;CrossoverPBX;SelectionRouletteWheel;1000;Genetic Algorithm;3;Manhattan;OnlyWhenNoObstacles;No;20504;860;-1;
FitnessWithCollisionDetectionAndCirclicValidation;MutateEM;CrossoverPBX;SelectionRouletteWheel;447;Genetic Algorithm;3;Manhattan;OnlyWhenNoObstacles;Yes (9818ms );9818;1051;12,4142135623731;
FitnessWithCirclicValidation;MutateEM;CrossoverPBX;SelectionRouletteWheel;1000;Genetic Algorithm;3;Euclidean;OnlyWhenNoObstacles;No;15602;744;-1;
FitnessWithCirclicValidation;MutateEM;CrossoverPBX;SelectionRouletteWheel;1000;Genetic Algorithm;3;Euclidean;OnlyWhenNoObstacles;No;15459;808;-1;
FitnessWithCirclicValidation;MutateEM;CrossoverPBX;SelectionRouletteWheel;1000;Genetic Algorithm;3;Euclidean;OnlyWhenNoObstacles;No;14986;755;-1;
FitnessWithCirclicValidation;MutateEM;CrossoverPBX;SelectionRouletteWheel;1000;Genetic Algorithm;3;Euclidean;OnlyWhenNoObstacles;No;15616;759;-1;
FitnessWithCollisionDetectionAndCirclicValidation;MutateEM;CrossoverPBX;SelectionRouletteWheel;1000;Genetic Algorithm;3;Euclidean;OnlyWhenNoObstacles;No;20436;921;-1;
FitnessWithCollisionDetectionAndCirclicValidation;MutateEM;CrossoverPBX;SelectionRouletteWheel;1000;Genetic Algorithm;3;Euclidean;OnlyWhenNoObstacles;No;21825;900;-1;
FitnessWithCollisionDetectionAndCirclicValidation;MutateEM;CrossoverPBX;SelectionRouletteWheel;1000;Genetic Algorithm;3;Euclidean;OnlyWhenNoObstacles;No;24199;1266;-1;
FitnessWithCollisionDetectionAndCirclicValidation;MutateEM;CrossoverPBX;SelectionRouletteWheel;401;Genetic Algorithm;3;Euclidean;OnlyWhenNoObstacles;Yes (9316ms );9316;1014;9,24264068711929;
FitnessWithCirclicValidation;MutateEM;CrossoverPBX;SelectionRouletteWheel;1000;Genetic Algorithm;3;Octile;OnlyWhenNoObstacles;No;14316;854;-1;
FitnessWithCirclicValidation;MutateEM;CrossoverPBX;SelectionRouletteWheel;1000;Genetic Algorithm;3;Octile;OnlyWhenNoObstacles;No;14601;739;-1;
FitnessWithCirclicValidation;MutateEM;CrossoverPBX;SelectionRouletteWheel;1000;Genetic Algorithm;3;Octile;OnlyWhenNoObstacles;No;15542;821;-1;
FitnessWithCirclicValidation;MutateEM;CrossoverPBX;SelectionRouletteWheel;1000;Genetic Algorithm;3;Octile;OnlyWhenNoObstacles;No;15162;953;-1;
FitnessWithCollisionDetectionAndCirclicValidation;MutateEM;CrossoverPBX;SelectionRouletteWheel;1000;Genetic Algorithm;3;Octile;OnlyWhenNoObstacles;No;21408;846;-1;
FitnessWithCollisionDetectionAndCirclicValidation;MutateEM;CrossoverPBX;SelectionRouletteWheel;1000;Genetic Algorithm;3;Octile;OnlyWhenNoObstacles;No;25828;1012;-1;
FitnessWithCollisionDetectionAndCirclicValidation;MutateEM;CrossoverPBX;SelectionRouletteWheel;1000;Genetic Algorithm;3;Octile;OnlyWhenNoObstacles;No;24323;1149;-1;
FitnessWithCollisionDetectionAndCirclicValidation;MutateEM;CrossoverPBX;SelectionRouletteWheel;925;Genetic Algorithm;3;Octile;OnlyWhenNoObstacles;Yes (22138ms );22138;1039;6,41421356237309;
FitnessWithCirclicValidation;MutateEM;CrossoverPBX;SelectionRouletteWheel;1000;Genetic Algorithm;4;Manhattan;OnlyWhenNoObstacles;No;12584;794;-1;
FitnessWithCirclicValidation;MutateEM;CrossoverPBX;SelectionRouletteWheel;186;Genetic Algorithm;4;Manhattan;OnlyWhenNoObstacles;Yes (2336ms );2336;812;5,82842712474619;
FitnessWithCirclicValidation;MutateEM;CrossoverPBX;SelectionRouletteWheel;1000;Genetic Algorithm;4;Manhattan;OnlyWhenNoObstacles;No;13435;823;-1;
FitnessWithCirclicValidation;MutateEM;CrossoverPBX;SelectionRouletteWheel;595;Genetic Algorithm;4;Manhattan;OnlyWhenNoObstacles;Yes (7815ms );7815;778;5,82842712474619;
FitnessWithCollisionDetectionAndCirclicValidation;MutateEM;CrossoverPBX;SelectionRouletteWheel;476;Genetic Algorithm;4;Manhattan;OnlyWhenNoObstacles;Yes (8168ms );8168;711;9,82842712474619;
FitnessWithCollisionDetectionAndCirclicValidation;MutateEM;CrossoverPBX;SelectionRouletteWheel;1000;Genetic Algorithm;4;Manhattan;OnlyWhenNoObstacles;No;17742;868;-1;
FitnessWithCollisionDetectionAndCirclicValidation;MutateEM;CrossoverPBX;SelectionRouletteWheel;360;Genetic Algorithm;4;Manhattan;OnlyWhenNoObstacles;Yes (6958ms );6958;775;13,0710678118655;
FitnessWithCollisionDetectionAndCirclicValidation;MutateEM;CrossoverPBX;SelectionRouletteWheel;660;Genetic Algorithm;4;Manhattan;OnlyWhenNoObstacles;Yes (11514ms );11514;748;9,4142135623731;
FitnessWithCirclicValidation;MutateEM;CrossoverPBX;SelectionRouletteWheel;1000;Genetic Algorithm;4;Euclidean;OnlyWhenNoObstacles;No;11052;838;-1;
FitnessWithCirclicValidation;MutateEM;CrossoverPBX;SelectionRouletteWheel;884;Genetic Algorithm;4;Euclidean;OnlyWhenNoObstacles;Yes (9811ms );9811;754;12,0710678118655;
FitnessWithCirclicValidation;MutateEM;CrossoverPBX;SelectionRouletteWheel;1;Genetic Algorithm;4;Euclidean;OnlyWhenNoObstacles;Yes (72ms );72;812;23,8994949366117;
FitnessWithCirclicValidation;MutateEM;CrossoverPBX;SelectionRouletteWheel;1000;Genetic Algorithm;4;Euclidean;OnlyWhenNoObstacles;No;11588;766;-1;
FitnessWithCollisionDetectionAndCirclicValidation;MutateEM;CrossoverPBX;SelectionRouletteWheel;779;Genetic Algorithm;4;Euclidean;OnlyWhenNoObstacles;Yes (17091ms );17091;806;6,41421356237309;
FitnessWithCollisionDetectionAndCirclicValidation;MutateEM;CrossoverPBX;SelectionRouletteWheel;1000;Genetic Algorithm;4;Euclidean;OnlyWhenNoObstacles;No;21124;973;-1;
FitnessWithCollisionDetectionAndCirclicValidation;MutateEM;CrossoverPBX;SelectionRouletteWheel;294;Genetic Algorithm;4;Euclidean;OnlyWhenNoObstacles;Yes (5727ms );5727;826;11,6568542494924;
FitnessWithCollisionDetectionAndCirclicValidation;MutateEM;CrossoverPBX;SelectionRouletteWheel;631;Genetic Algorithm;4;Euclidean;OnlyWhenNoObstacles;Yes (12613ms );12613;875;11;
FitnessWithCirclicValidation;MutateEM;CrossoverPBX;SelectionRouletteWheel;1000;Genetic Algorithm;4;Octile;OnlyWhenNoObstacles;No;10981;736;-1;
FitnessWithCirclicValidation;MutateEM;CrossoverPBX;SelectionRouletteWheel;221;Genetic Algorithm;4;Octile;OnlyWhenNoObstacles;Yes (2903ms );2903;768;6,24264068711928;
FitnessWithCirclicValidation;MutateEM;CrossoverPBX;SelectionRouletteWheel;1000;Genetic Algorithm;4;Octile;OnlyWhenNoObstacles;No;10557;776;-1;
FitnessWithCirclicValidation;MutateEM;CrossoverPBX;SelectionRouletteWheel;810;Genetic Algorithm;4;Octile;OnlyWhenNoObstacles;Yes (9138ms );9138;786;8,65685424949238;
FitnessWithCollisionDetectionAndCirclicValidation;MutateEM;CrossoverPBX;SelectionRouletteWheel;1;Genetic Algorithm;4;Octile;OnlyWhenNoObstacles;Yes (71ms );71;831;23,3137084989848;
FitnessWithCollisionDetectionAndCirclicValidation;MutateEM;CrossoverPBX;SelectionRouletteWheel;1000;Genetic Algorithm;4;Octile;OnlyWhenNoObstacles;No;20939;821;-1;
FitnessWithCollisionDetectionAndCirclicValidation;MutateEM;CrossoverPBX;SelectionRouletteWheel;1;Genetic Algorithm;4;Octile;OnlyWhenNoObstacles;Yes (61ms );61;794;21,8994949366117;
FitnessWithCollisionDetectionAndCirclicValidation;MutateEM;CrossoverPBX;SelectionRouletteWheel;245;Genetic Algorithm;4;Octile;OnlyWhenNoObstacles;Yes (4261ms );4261;819;4,41421356237309;
FitnessWithCirclicValidation;MutateEM;CrossoverPBX;SelectionRouletteWheel;1000;Genetic Algorithm;5;Manhattan;OnlyWhenNoObstacles;No;11648;549;-1;
FitnessWithCirclicValidation;MutateEM;CrossoverPBX;SelectionRouletteWheel;1000;Genetic Algorithm;5;Manhattan;OnlyWhenNoObstacles;No;11852;544;-1;
FitnessWithCirclicValidation;MutateEM;CrossoverPBX;SelectionRouletteWheel;1000;Genetic Algorithm;5;Manhattan;OnlyWhenNoObstacles;No;10747;561;-1;
FitnessWithCirclicValidation;MutateEM;CrossoverPBX;SelectionRouletteWheel;1000;Genetic Algorithm;5;Manhattan;OnlyWhenNoObstacles;No;11373;505;-1;
FitnessWithCollisionDetectionAndCirclicValidation;MutateEM;CrossoverPBX;SelectionRouletteWheel;533;Genetic Algorithm;5;Manhattan;OnlyWhenNoObstacles;Yes (19053ms );19053;1532;17,4142135623731;
FitnessWithCollisionDetectionAndCirclicValidation;MutateEM;CrossoverPBX;SelectionRouletteWheel;1000;Genetic Algorithm;5;Manhattan;OnlyWhenNoObstacles;No;20676;1130;-1;
FitnessWithCollisionDetectionAndCirclicValidation;MutateEM;CrossoverPBX;SelectionRouletteWheel;1000;Genetic Algorithm;5;Manhattan;OnlyWhenNoObstacles;No;15666;608;-1;
FitnessWithCollisionDetectionAndCirclicValidation;MutateEM;CrossoverPBX;SelectionRouletteWheel;1000;Genetic Algorithm;5;Manhattan;OnlyWhenNoObstacles;No;15199;607;-1;
FitnessWithCirclicValidation;MutateEM;CrossoverPBX;SelectionRouletteWheel;1000;Genetic Algorithm;5;Euclidean;OnlyWhenNoObstacles;No;11640;595;-1;
FitnessWithCirclicValidation;MutateEM;CrossoverPBX;SelectionRouletteWheel;1000;Genetic Algorithm;5;Euclidean;OnlyWhenNoObstacles;No;11103;564;-1;
FitnessWithCirclicValidation;MutateEM;CrossoverPBX;SelectionRouletteWheel;1000;Genetic Algorithm;5;Euclidean;OnlyWhenNoObstacles;No;11113;571;-1;
FitnessWithCirclicValidation;MutateEM;CrossoverPBX;SelectionRouletteWheel;1000;Genetic Algorithm;5;Euclidean;OnlyWhenNoObstacles;No;10643;554;-1;
FitnessWithCollisionDetectionAndCirclicValidation;MutateEM;CrossoverPBX;SelectionRouletteWheel;1000;Genetic Algorithm;5;Euclidean;OnlyWhenNoObstacles;No;17013;587;-1;
FitnessWithCollisionDetectionAndCirclicValidation;MutateEM;CrossoverPBX;SelectionRouletteWheel;1000;Genetic Algorithm;5;Euclidean;OnlyWhenNoObstacles;No;14251;535;-1;
FitnessWithCollisionDetectionAndCirclicValidation;MutateEM;CrossoverPBX;SelectionRouletteWheel;0;Genetic Algorithm;5;Euclidean;OnlyWhenNoObstacles;Yes (0ms );0;0;16;
FitnessWithCollisionDetectionAndCirclicValidation;MutateEM;CrossoverPBX;SelectionRouletteWheel;1000;Genetic Algorithm;5;Euclidean;OnlyWhenNoObstacles;No;18405;763;-1;
FitnessWithCirclicValidation;MutateEM;CrossoverPBX;SelectionRouletteWheel;1000;Genetic Algorithm;5;Octile;OnlyWhenNoObstacles;No;11168;632;-1;
FitnessWithCirclicValidation;MutateEM;CrossoverPBX;SelectionRouletteWheel;1000;Genetic Algorithm;5;Octile;OnlyWhenNoObstacles;No;11283;560;-1;
FitnessWithCirclicValidation;MutateEM;CrossoverPBX;SelectionRouletteWheel;1000;Genetic Algorithm;5;Octile;OnlyWhenNoObstacles;No;12644;612;-1;
FitnessWithCirclicValidation;MutateEM;CrossoverPBX;SelectionRouletteWheel;1000;Genetic Algorithm;5;Octile;OnlyWhenNoObstacles;No;12160;551;-1;
FitnessWithCollisionDetectionAndCirclicValidation;MutateEM;CrossoverPBX;SelectionRouletteWheel;555;Genetic Algorithm;5;Octile;OnlyWhenNoObstacles;Yes (9610ms );9610;1025;7;
FitnessWithCollisionDetectionAndCirclicValidation;MutateEM;CrossoverPBX;SelectionRouletteWheel;1000;Genetic Algorithm;5;Octile;OnlyWhenNoObstacles;No;15861;577;-1;
FitnessWithCollisionDetectionAndCirclicValidation;MutateEM;CrossoverPBX;SelectionRouletteWheel;1000;Genetic Algorithm;5;Octile;OnlyWhenNoObstacles;No;14283;586;-1;
FitnessWithCollisionDetectionAndCirclicValidation;MutateEM;CrossoverPBX;SelectionRouletteWheel;1000;Genetic Algorithm;5;Octile;OnlyWhenNoObstacles;No;15074;564;-1;
FitnessWithCirclicValidation;MutateEM;CrossoverPBX;SelectionRouletteWheel;1000;Genetic Algorithm;6;Manhattan;IfAtMostOneObstacle;No;19041;1028;-1;
FitnessWithCirclicValidation;MutateEM;CrossoverPBX;SelectionRouletteWheel;1000;Genetic Algorithm;6;Manhattan;IfAtMostOneObstacle;No;19360;1207;-1;
FitnessWithCirclicValidation;MutateEM;CrossoverPBX;SelectionRouletteWheel;1000;Genetic Algorithm;6;Manhattan;IfAtMostOneObstacle;No;17793;973;-1;
FitnessWithCirclicValidation;MutateEM;CrossoverPBX;SelectionRouletteWheel;1000;Genetic Algorithm;6;Manhattan;IfAtMostOneObstacle;No;19811;801;-1;
FitnessWithCollisionDetectionAndCirclicValidation;MutateEM;CrossoverPBX;SelectionRouletteWheel;1000;Genetic Algorithm;6;Manhattan;IfAtMostOneObstacle;No;31918;1291;-1;
FitnessWithCollisionDetectionAndCirclicValidation;MutateEM;CrossoverPBX;SelectionRouletteWheel;1000;Genetic Algorithm;6;Manhattan;IfAtMostOneObstacle;No;35671;1431;-1;
FitnessWithCollisionDetectionAndCirclicValidation;MutateEM;CrossoverPBX;SelectionRouletteWheel;851;Genetic Algorithm;6;Manhattan;IfAtMostOneObstacle;Yes (24209ms );24209;1218;15,3137084989848;
FitnessWithCollisionDetectionAndCirclicValidation;MutateEM;CrossoverPBX;SelectionRouletteWheel;1000;Genetic Algorithm;6;Manhattan;IfAtMostOneObstacle;No;27969;1013;-1;
FitnessWithCirclicValidation;MutateEM;CrossoverPBX;SelectionRouletteWheel;1000;Genetic Algorithm;6;Euclidean;IfAtMostOneObstacle;No;18478;945;-1;
FitnessWithCirclicValidation;MutateEM;CrossoverPBX;SelectionRouletteWheel;1000;Genetic Algorithm;6;Euclidean;IfAtMostOneObstacle;No;16939;903;-1;
FitnessWithCirclicValidation;MutateEM;CrossoverPBX;SelectionRouletteWheel;1000;Genetic Algorithm;6;Euclidean;IfAtMostOneObstacle;No;15627;729;-1;
FitnessWithCirclicValidation;MutateEM;CrossoverPBX;SelectionRouletteWheel;1000;Genetic Algorithm;6;Euclidean;IfAtMostOneObstacle;No;15739;748;-1;
FitnessWithCollisionDetectionAndCirclicValidation;MutateEM;CrossoverPBX;SelectionRouletteWheel;1000;Genetic Algorithm;6;Euclidean;IfAtMostOneObstacle;No;30719;1207;-1;
FitnessWithCollisionDetectionAndCirclicValidation;MutateEM;CrossoverPBX;SelectionRouletteWheel;599;Genetic Algorithm;6;Euclidean;IfAtMostOneObstacle;Yes (14177ms );14177;1036;11,8994949366117;
FitnessWithCollisionDetectionAndCirclicValidation;MutateEM;CrossoverPBX;SelectionRouletteWheel;1000;Genetic Algorithm;6;Euclidean;IfAtMostOneObstacle;No;31283;1199;-1;
FitnessWithCollisionDetectionAndCirclicValidation;MutateEM;CrossoverPBX;SelectionRouletteWheel;1000;Genetic Algorithm;6;Euclidean;IfAtMostOneObstacle;No;33109;1215;-1;
FitnessWithCirclicValidation;MutateEM;CrossoverPBX;SelectionRouletteWheel;1000;Genetic Algorithm;6;Octile;IfAtMostOneObstacle;No;18131;927;-1;
FitnessWithCirclicValidation;MutateEM;CrossoverPBX;SelectionRouletteWheel;1000;Genetic Algorithm;6;Octile;IfAtMostOneObstacle;No;16591;728;-1;
FitnessWithCirclicValidation;MutateEM;CrossoverPBX;SelectionRouletteWheel;1000;Genetic Algorithm;6;Octile;IfAtMostOneObstacle;No;17475;901;-1;
FitnessWithCirclicValidation;MutateEM;CrossoverPBX;SelectionRouletteWheel;1000;Genetic Algorithm;6;Octile;IfAtMostOneObstacle;No;15443;1129;-1;
FitnessWithCollisionDetectionAndCirclicValidation;MutateEM;CrossoverPBX;SelectionRouletteWheel;1000;Genetic Algorithm;6;Octile;IfAtMostOneObstacle;No;29682;1150;-1;
FitnessWithCollisionDetectionAndCirclicValidation;MutateEM;CrossoverPBX;SelectionRouletteWheel;1000;Genetic Algorithm;6;Octile;IfAtMostOneObstacle;No;30181;1317;-1;
FitnessWithCollisionDetectionAndCirclicValidation;MutateEM;CrossoverPBX;SelectionRouletteWheel;1000;Genetic Algorithm;6;Octile;IfAtMostOneObstacle;No;35309;1325;-1;
FitnessWithCollisionDetectionAndCirclicValidation;MutateEM;CrossoverPBX;SelectionRouletteWheel;380;Genetic Algorithm;6;Octile;IfAtMostOneObstacle;Yes (9590ms );9590;913;8,65685424949238;
FitnessWithCirclicValidation;MutateEM;CrossoverPBX;SelectionRouletteWheel;1000;Genetic Algorithm;7;Manhattan;IfAtMostOneObstacle;No;13466;899;-1;
FitnessWithCirclicValidation;MutateEM;CrossoverPBX;SelectionRouletteWheel;1000;Genetic Algorithm;7;Manhattan;IfAtMostOneObstacle;No;13039;915;-1;
FitnessWithCirclicValidation;MutateEM;CrossoverPBX;SelectionRouletteWheel;1000;Genetic Algorithm;7;Manhattan;IfAtMostOneObstacle;No;13095;867;-1;
FitnessWithCirclicValidation;MutateEM;CrossoverPBX;SelectionRouletteWheel;1000;Genetic Algorithm;7;Manhattan;IfAtMostOneObstacle;No;13097;795;-1;
FitnessWithCollisionDetectionAndCirclicValidation;MutateEM;CrossoverPBX;SelectionRouletteWheel;492;Genetic Algorithm;7;Manhattan;IfAtMostOneObstacle;Yes (8457ms );8457;805;9,48528137423857;
FitnessWithCollisionDetectionAndCirclicValidation;MutateEM;CrossoverPBX;SelectionRouletteWheel;316;Genetic Algorithm;7;Manhattan;IfAtMostOneObstacle;Yes (6752ms );6752;967;12,3137084989848;
FitnessWithCollisionDetectionAndCirclicValidation;MutateEM;CrossoverPBX;SelectionRouletteWheel;535;Genetic Algorithm;7;Manhattan;IfAtMostOneObstacle;Yes (11704ms );11704;907;10,4852813742386;
FitnessWithCollisionDetectionAndCirclicValidation;MutateEM;CrossoverPBX;SelectionRouletteWheel;852;Genetic Algorithm;7;Manhattan;IfAtMostOneObstacle;Yes (18923ms );18923;1020;15,7279220613579;
FitnessWithCirclicValidation;MutateEM;CrossoverPBX;SelectionRouletteWheel;1000;Genetic Algorithm;7;Euclidean;IfAtMostOneObstacle;No;12762;843;-1;
FitnessWithCirclicValidation;MutateEM;CrossoverPBX;SelectionRouletteWheel;1000;Genetic Algorithm;7;Euclidean;IfAtMostOneObstacle;No;12799;792;-1;
FitnessWithCirclicValidation;MutateEM;CrossoverPBX;SelectionRouletteWheel;1000;Genetic Algorithm;7;Euclidean;IfAtMostOneObstacle;No;13137;852;-1;
FitnessWithCirclicValidation;MutateEM;CrossoverPBX;SelectionRouletteWheel;1000;Genetic Algorithm;7;Euclidean;IfAtMostOneObstacle;No;13286;802;-1;
FitnessWithCollisionDetectionAndCirclicValidation;MutateEM;CrossoverPBX;SelectionRouletteWheel;981;Genetic Algorithm;7;Euclidean;IfAtMostOneObstacle;Yes (22563ms );22563;957;6,24264068711928;
FitnessWithCollisionDetectionAndCirclicValidation;MutateEM;CrossoverPBX;SelectionRouletteWheel;0;Genetic Algorithm;7;Euclidean;IfAtMostOneObstacle;Yes (0ms );0;0;17,142135623731;
FitnessWithCollisionDetectionAndCirclicValidation;MutateEM;CrossoverPBX;SelectionRouletteWheel;321;Genetic Algorithm;7;Euclidean;IfAtMostOneObstacle;Yes (7484ms );7484;886;9,07106781186548;
FitnessWithCollisionDetectionAndCirclicValidation;MutateEM;CrossoverPBX;SelectionRouletteWheel;1000;Genetic Algorithm;7;Euclidean;IfAtMostOneObstacle;No;20304;910;-1;
FitnessWithCirclicValidation;MutateEM;CrossoverPBX;SelectionRouletteWheel;1000;Genetic Algorithm;7;Octile;IfAtMostOneObstacle;No;13033;896;-1;
FitnessWithCirclicValidation;MutateEM;CrossoverPBX;SelectionRouletteWheel;1000;Genetic Algorithm;7;Octile;IfAtMostOneObstacle;No;12532;924;-1;
FitnessWithCirclicValidation;MutateEM;CrossoverPBX;SelectionRouletteWheel;1000;Genetic Algorithm;7;Octile;IfAtMostOneObstacle;No;12693;883;-1;
FitnessWithCirclicValidation;MutateEM;CrossoverPBX;SelectionRouletteWheel;1000;Genetic Algorithm;7;Octile;IfAtMostOneObstacle;No;13298;748;-1;
FitnessWithCollisionDetectionAndCirclicValidation;MutateEM;CrossoverPBX;SelectionRouletteWheel;342;Genetic Algorithm;7;Octile;IfAtMostOneObstacle;Yes (8553ms );8553;965;13,8994949366117;
FitnessWithCollisionDetectionAndCirclicValidation;MutateEM;CrossoverPBX;SelectionRouletteWheel;1000;Genetic Algorithm;7;Octile;IfAtMostOneObstacle;No;23473;928;-1;
FitnessWithCollisionDetectionAndCirclicValidation;MutateEM;CrossoverPBX;SelectionRouletteWheel;462;Genetic Algorithm;7;Octile;IfAtMostOneObstacle;Yes (10171ms );10171;896;9,48528137423857;
FitnessWithCollisionDetectionAndCirclicValidation;MutateEM;CrossoverPBX;SelectionRouletteWheel;345;Genetic Algorithm;7;Octile;IfAtMostOneObstacle;Yes (6751ms );6751;836;7,82842712474619;
FitnessWithCirclicValidation;MutateEM;CrossoverPBX;SelectionRouletteWheel;1000;Genetic Algorithm;8;Manhattan;IfAtMostOneObstacle;No;11001;783;-1;
FitnessWithCirclicValidation;MutateEM;CrossoverPBX;SelectionRouletteWheel;1000;Genetic Algorithm;8;Manhattan;IfAtMostOneObstacle;No;10963;883;-1;
FitnessWithCirclicValidation;MutateEM;CrossoverPBX;SelectionRouletteWheel;1000;Genetic Algorithm;8;Manhattan;IfAtMostOneObstacle;No;14308;888;-1;
FitnessWithCirclicValidation;MutateEM;CrossoverPBX;SelectionRouletteWheel;1000;Genetic Algorithm;8;Manhattan;IfAtMostOneObstacle;No;10812;897;-1;
FitnessWithCollisionDetectionAndCirclicValidation;MutateEM;CrossoverPBX;SelectionRouletteWheel;1000;Genetic Algorithm;8;Manhattan;IfAtMostOneObstacle;No;26383;1283;-1;
FitnessWithCollisionDetectionAndCirclicValidation;MutateEM;CrossoverPBX;SelectionRouletteWheel;1000;Genetic Algorithm;8;Manhattan;IfAtMostOneObstacle;No;21431;926;-1;
FitnessWithCollisionDetectionAndCirclicValidation;MutateEM;CrossoverPBX;SelectionRouletteWheel;914;Genetic Algorithm;8;Manhattan;IfAtMostOneObstacle;Yes (24195ms );24195;1219;12,0710678118655;
FitnessWithCollisionDetectionAndCirclicValidation;MutateEM;CrossoverPBX;SelectionRouletteWheel;294;Genetic Algorithm;8;Manhattan;IfAtMostOneObstacle;Yes (8026ms );8026;1020;9,07106781186548;
FitnessWithCirclicValidation;MutateEM;CrossoverPBX;SelectionRouletteWheel;1000;Genetic Algorithm;8;Euclidean;IfAtMostOneObstacle;No;12668;737;-1;
FitnessWithCirclicValidation;MutateEM;CrossoverPBX;SelectionRouletteWheel;1000;Genetic Algorithm;8;Euclidean;IfAtMostOneObstacle;No;14762;892;-1;
FitnessWithCirclicValidation;MutateEM;CrossoverPBX;SelectionRouletteWheel;1000;Genetic Algorithm;8;Euclidean;IfAtMostOneObstacle;No;10687;861;-1;
FitnessWithCirclicValidation;MutateEM;CrossoverPBX;SelectionRouletteWheel;1000;Genetic Algorithm;8;Euclidean;IfAtMostOneObstacle;No;10994;691;-1;
FitnessWithCollisionDetectionAndCirclicValidation;MutateEM;CrossoverPBX;SelectionRouletteWheel;1000;Genetic Algorithm;8;Euclidean;IfAtMostOneObstacle;No;24198;1068;-1;
FitnessWithCollisionDetectionAndCirclicValidation;MutateEM;CrossoverPBX;SelectionRouletteWheel;604;Genetic Algorithm;8;Euclidean;IfAtMostOneObstacle;Yes (14245ms );14245;1148;12,4852813742386;
FitnessWithCollisionDetectionAndCirclicValidation;MutateEM;CrossoverPBX;SelectionRouletteWheel;760;Genetic Algorithm;8;Euclidean;IfAtMostOneObstacle;Yes (17458ms );17458;981;12,4852813742386;
FitnessWithCollisionDetectionAndCirclicValidation;MutateEM;CrossoverPBX;SelectionRouletteWheel;1000;Genetic Algorithm;8;Euclidean;IfAtMostOneObstacle;No;21537;996;-1;
FitnessWithCirclicValidation;MutateEM;CrossoverPBX;SelectionRouletteWheel;1000;Genetic Algorithm;8;Octile;IfAtMostOneObstacle;No;11250;715;-1;
FitnessWithCirclicValidation;MutateEM;CrossoverPBX;SelectionRouletteWheel;1000;Genetic Algorithm;8;Octile;IfAtMostOneObstacle;No;10575;872;-1;
FitnessWithCirclicValidation;MutateEM;CrossoverPBX;SelectionRouletteWheel;1000;Genetic Algorithm;8;Octile;IfAtMostOneObstacle;No;10798;776;-1;
FitnessWithCirclicValidation;MutateEM;CrossoverPBX;SelectionRouletteWheel;1000;Genetic Algorithm;8;Octile;IfAtMostOneObstacle;No;10779;806;-1;
FitnessWithCollisionDetectionAndCirclicValidation;MutateEM;CrossoverPBX;SelectionRouletteWheel;1000;Genetic Algorithm;8;Octile;IfAtMostOneObstacle;No;23964;1045;-1;
FitnessWithCollisionDetectionAndCirclicValidation;MutateEM;CrossoverPBX;SelectionRouletteWheel;936;Genetic Algorithm;8;Octile;IfAtMostOneObstacle;Yes (23499ms );23499;1112;7,07106781186548;
FitnessWithCollisionDetectionAndCirclicValidation;MutateEM;CrossoverPBX;SelectionRouletteWheel;1000;Genetic Algorithm;8;Octile;IfAtMostOneObstacle;No;23914;934;-1;
FitnessWithCollisionDetectionAndCirclicValidation;MutateEM;CrossoverPBX;SelectionRouletteWheel;1000;Genetic Algorithm;8;Octile;IfAtMostOneObstacle;No;20658;838;-1;
FitnessWithCirclicValidation;MutateEM;CrossoverPBX;SelectionRouletteWheel;1000;Genetic Algorithm;9;Manhattan;Always;No;18708;907;-1;
FitnessWithCirclicValidation;MutateEM;CrossoverPBX;SelectionRouletteWheel;1000;Genetic Algorithm;9;Manhattan;Always;No;19558;866;-1;
FitnessWithCirclicValidation;MutateEM;CrossoverPBX;SelectionRouletteWheel;1000;Genetic Algorithm;9;Manhattan;Always;No;18832;867;-1;
FitnessWithCirclicValidation;MutateEM;CrossoverPBX;SelectionRouletteWheel;1000;Genetic Algorithm;9;Manhattan;Always;No;18960;1065;-1;
FitnessWithCollisionDetectionAndCirclicValidation;MutateEM;CrossoverPBX;SelectionRouletteWheel;1000;Genetic Algorithm;9;Manhattan;Always;No;32730;1129;-1;
FitnessWithCollisionDetectionAndCirclicValidation;MutateEM;CrossoverPBX;SelectionRouletteWheel;1000;Genetic Algorithm;9;Manhattan;Always;No;31837;1108;-1;
FitnessWithCollisionDetectionAndCirclicValidation;MutateEM;CrossoverPBX;SelectionRouletteWheel;380;Genetic Algorithm;9;Manhattan;Always;Yes (8791ms );8791;855;9,65685424949238;
FitnessWithCollisionDetectionAndCirclicValidation;MutateEM;CrossoverPBX;SelectionRouletteWheel;1000;Genetic Algorithm;9;Manhattan;Always;No;30943;1072;-1;
FitnessWithCirclicValidation;MutateEM;CrossoverPBX;SelectionRouletteWheel;3;Genetic Algorithm;9;Euclidean;Always;Yes (140ms );140;1193;44,4558441227157;
FitnessWithCirclicValidation;MutateEM;CrossoverPBX;SelectionRouletteWheel;1000;Genetic Algorithm;9;Euclidean;Always;No;18614;863;-1;
FitnessWithCirclicValidation;MutateEM;CrossoverPBX;SelectionRouletteWheel;1000;Genetic Algorithm;9;Euclidean;Always;No;19693;908;-1;
FitnessWithCirclicValidation;MutateEM;CrossoverPBX;SelectionRouletteWheel;1000;Genetic Algorithm;9;Euclidean;Always;No;19870;1024;-1;
FitnessWithCollisionDetectionAndCirclicValidation;MutateEM;CrossoverPBX;SelectionRouletteWheel;279;Genetic Algorithm;9;Euclidean;Always;Yes (8463ms );8463;1149;15,4852813742386;
FitnessWithCollisionDetectionAndCirclicValidation;MutateEM;CrossoverPBX;SelectionRouletteWheel;698;Genetic Algorithm;9;Euclidean;Always;Yes (18983ms );18983;1220;12,6568542494924;
FitnessWithCollisionDetectionAndCirclicValidation;MutateEM;CrossoverPBX;SelectionRouletteWheel;1000;Genetic Algorithm;9;Euclidean;Always;No;31072;1122;-1;
FitnessWithCollisionDetectionAndCirclicValidation;MutateEM;CrossoverPBX;SelectionRouletteWheel;1000;Genetic Algorithm;9;Euclidean;Always;No;31191;1187;-1;
FitnessWithCirclicValidation;MutateEM;CrossoverPBX;SelectionRouletteWheel;1000;Genetic Algorithm;9;Octile;Always;No;20450;911;-1;
FitnessWithCirclicValidation;MutateEM;CrossoverPBX;SelectionRouletteWheel;1000;Genetic Algorithm;9;Octile;Always;No;20077;988;-1;
FitnessWithCirclicValidation;MutateEM;CrossoverPBX;SelectionRouletteWheel;1000;Genetic Algorithm;9;Octile;Always;No;17093;1042;-1;
FitnessWithCirclicValidation;MutateEM;CrossoverPBX;SelectionRouletteWheel;1000;Genetic Algorithm;9;Octile;Always;No;18427;1155;-1;
FitnessWithCollisionDetectionAndCirclicValidation;MutateEM;CrossoverPBX;SelectionRouletteWheel;423;Genetic Algorithm;9;Octile;Always;Yes (10628ms );10628;893;12,0710678118655;
FitnessWithCollisionDetectionAndCirclicValidation;MutateEM;CrossoverPBX;SelectionRouletteWheel;1000;Genetic Algorithm;9;Octile;Always;No;31942;1104;-1;
FitnessWithCollisionDetectionAndCirclicValidation;MutateEM;CrossoverPBX;SelectionRouletteWheel;1000;Genetic Algorithm;9;Octile;Always;No;31087;1224;-1;
FitnessWithCollisionDetectionAndCirclicValidation;MutateEM;CrossoverPBX;SelectionRouletteWheel;790;Genetic Algorithm;9;Octile;Always;Yes (27079ms );27079;1489;9,82842712474619;
